{"app":["/app-c7a994216a67bb22f7f9.js"],"component---src-pages-404-js":["/component---src-pages-404-js-b9d48631b6766ed842b6.js"],"component---src-pages-donate-js":["/component---src-pages-donate-js-b6fbf2bad922636f12fb.js"],"component---src-pages-home-js":["/component---src-pages-home-js-c6b8fdd9d76d612731bb.js"],"component---src-pages-index-js":["/component---src-pages-index-js-894edba121401c8f5f44.js"],"component---src-pages-page-2-js":["/component---src-pages-page-2-js-f35bc6f49d9116f5ce68.js"],"component---src-pages-schools-js":["/component---src-pages-schools-js-17a664ec907e2f73750b.js"],"component---src-pages-schools-svpc-js":["/component---src-pages-schools-svpc-js-afaa3c7678cf2ce6d4fa.js"],"component---src-pages-teachers-js":["/component---src-pages-teachers-js-49b59f85138973764459.js"]}