{"errors":[],"warnings":["chunk styles [mini-css-extract-plugin]\nConflicting order between:\n * css ./node_modules/css-loader??ref--12-oneOf-0-1!./node_modules/postcss-loader/lib??postcss-1!./src/components/header/header.module.css\n * css ./node_modules/css-loader??ref--12-oneOf-1-1!./node_modules/postcss-loader/lib??postcss-2!./node_modules/bootstrap/dist/css/bootstrap.css","chunk styles [mini-css-extract-plugin]\nConflicting order between:\n * css ./node_modules/css-loader??ref--12-oneOf-0-1!./node_modules/postcss-loader/lib??postcss-1!./src/components/NavigatorView/navigatorView.module.css\n * css ./node_modules/css-loader??ref--12-oneOf-0-1!./node_modules/postcss-loader/lib??postcss-1!./src/components/donaion/donation.module.css\n * css ./node_modules/css-loader??ref--12-oneOf-1-1!./node_modules/postcss-loader/lib??postcss-2!./src/components/layout.css\n * css ./node_modules/css-loader??ref--12-oneOf-0-1!./node_modules/postcss-loader/lib??postcss-1!./src/components/basicFeatures/basicFeatures.module.css\n * css ./node_modules/css-loader??ref--12-oneOf-1-1!./node_modules/postcss-loader/lib??postcss-2!./node_modules/bootstrap/dist/css/bootstrap.css","chunk styles [mini-css-extract-plugin]\nConflicting order between:\n * css ./node_modules/css-loader??ref--12-oneOf-1-1!./node_modules/postcss-loader/lib??postcss-2!./node_modules/bootstrap/dist/css/bootstrap.css\n * css ./node_modules/css-loader??ref--12-oneOf-0-1!./node_modules/postcss-loader/lib??postcss-1!./src/components/basicFeatures/basicFeatures.module.css\n * css ./node_modules/css-loader??ref--12-oneOf-0-1!./node_modules/postcss-loader/lib??postcss-1!./src/components/donaion/donation.module.css","chunk styles [mini-css-extract-plugin]\nConflicting order between:\n * css ./node_modules/css-loader??ref--12-oneOf-0-1!./node_modules/postcss-loader/lib??postcss-1!./src/components/basicFeatures/basicFeatures.module.css\n * css ./node_modules/css-loader??ref--12-oneOf-0-1!./node_modules/postcss-loader/lib??postcss-1!./src/components/donaion/donation.module.css","chunk styles [mini-css-extract-plugin]\nConflicting order between:\n * css ./node_modules/css-loader??ref--12-oneOf-0-1!./node_modules/postcss-loader/lib??postcss-1!./src/components/Home/HomeSlide/HomeSlide.module.css\n * css ./node_modules/css-loader??ref--12-oneOf-0-1!./node_modules/postcss-loader/lib??postcss-1!./src/components/Home/Slide2/HomeSlideSecond.module.css","chunk styles [mini-css-extract-plugin]\nConflicting order between:\n * css ./node_modules/css-loader??ref--12-oneOf-0-1!./node_modules/postcss-loader/lib??postcss-1!./src/components/TeachersPage/Slide3/TeachersSlideThree.module.css\n * css ./node_modules/css-loader??ref--12-oneOf-0-1!./node_modules/postcss-loader/lib??postcss-1!./src/components/TeachersPage/Slide2/TeachersSlideTwo.module.css"],"namedChunkGroups":{"app":{"chunks":[13,0,4],"assets":["webpack-runtime-ee886abc0a7a6fb4419b.js","webpack-runtime-ee886abc0a7a6fb4419b.js.map","styles.eef4513e7027394497b9.css","styles-737be2d8e1620b0156fc.js","styles-737be2d8e1620b0156fc.js.map","app-c7a994216a67bb22f7f9.js","app-c7a994216a67bb22f7f9.js.map"],"children":{},"childAssets":{}},"component---src-pages-404-js":{"chunks":[0,1,3,2,5],"assets":["styles.eef4513e7027394497b9.css","styles-737be2d8e1620b0156fc.js","styles-737be2d8e1620b0156fc.js.map","1-d5516e2885c5d63795dd.js","1-d5516e2885c5d63795dd.js.map","3-7def06a1f7a2010f6064.js","3-7def06a1f7a2010f6064.js.map","2-5fad89469842478d146d.js","2-5fad89469842478d146d.js.map","component---src-pages-404-js-b9d48631b6766ed842b6.js","component---src-pages-404-js-b9d48631b6766ed842b6.js.map"],"children":{},"childAssets":{}},"component---src-pages-donate-js":{"chunks":[0,6],"assets":["styles.eef4513e7027394497b9.css","styles-737be2d8e1620b0156fc.js","styles-737be2d8e1620b0156fc.js.map","component---src-pages-donate-js-b6fbf2bad922636f12fb.js","component---src-pages-donate-js-b6fbf2bad922636f12fb.js.map"],"children":{},"childAssets":{}},"component---src-pages-home-js":{"chunks":[0,1,2,7],"assets":["styles.eef4513e7027394497b9.css","styles-737be2d8e1620b0156fc.js","styles-737be2d8e1620b0156fc.js.map","1-d5516e2885c5d63795dd.js","1-d5516e2885c5d63795dd.js.map","2-5fad89469842478d146d.js","2-5fad89469842478d146d.js.map","component---src-pages-home-js-c6b8fdd9d76d612731bb.js","component---src-pages-home-js-c6b8fdd9d76d612731bb.js.map"],"children":{},"childAssets":{}},"component---src-pages-index-js":{"chunks":[0,1,3,2,8],"assets":["styles.eef4513e7027394497b9.css","styles-737be2d8e1620b0156fc.js","styles-737be2d8e1620b0156fc.js.map","1-d5516e2885c5d63795dd.js","1-d5516e2885c5d63795dd.js.map","3-7def06a1f7a2010f6064.js","3-7def06a1f7a2010f6064.js.map","2-5fad89469842478d146d.js","2-5fad89469842478d146d.js.map","component---src-pages-index-js-894edba121401c8f5f44.js","component---src-pages-index-js-894edba121401c8f5f44.js.map"],"children":{},"childAssets":{}},"component---src-pages-page-2-js":{"chunks":[0,1,3,2,9],"assets":["styles.eef4513e7027394497b9.css","styles-737be2d8e1620b0156fc.js","styles-737be2d8e1620b0156fc.js.map","1-d5516e2885c5d63795dd.js","1-d5516e2885c5d63795dd.js.map","3-7def06a1f7a2010f6064.js","3-7def06a1f7a2010f6064.js.map","2-5fad89469842478d146d.js","2-5fad89469842478d146d.js.map","component---src-pages-page-2-js-f35bc6f49d9116f5ce68.js","component---src-pages-page-2-js-f35bc6f49d9116f5ce68.js.map"],"children":{},"childAssets":{}},"component---src-pages-schools-js":{"chunks":[0,1,10],"assets":["styles.eef4513e7027394497b9.css","styles-737be2d8e1620b0156fc.js","styles-737be2d8e1620b0156fc.js.map","1-d5516e2885c5d63795dd.js","1-d5516e2885c5d63795dd.js.map","component---src-pages-schools-js-17a664ec907e2f73750b.js","component---src-pages-schools-js-17a664ec907e2f73750b.js.map"],"children":{},"childAssets":{}},"component---src-pages-schools-svpc-js":{"chunks":[0,1,11],"assets":["styles.eef4513e7027394497b9.css","styles-737be2d8e1620b0156fc.js","styles-737be2d8e1620b0156fc.js.map","1-d5516e2885c5d63795dd.js","1-d5516e2885c5d63795dd.js.map","component---src-pages-schools-svpc-js-afaa3c7678cf2ce6d4fa.js","component---src-pages-schools-svpc-js-afaa3c7678cf2ce6d4fa.js.map"],"children":{},"childAssets":{}},"component---src-pages-teachers-js":{"chunks":[0,1,12],"assets":["styles.eef4513e7027394497b9.css","styles-737be2d8e1620b0156fc.js","styles-737be2d8e1620b0156fc.js.map","1-d5516e2885c5d63795dd.js","1-d5516e2885c5d63795dd.js.map","component---src-pages-teachers-js-49b59f85138973764459.js","component---src-pages-teachers-js-49b59f85138973764459.js.map"],"children":{},"childAssets":{}}},"assetsByChunkName":{"app":["webpack-runtime-ee886abc0a7a6fb4419b.js","styles.eef4513e7027394497b9.css","styles-737be2d8e1620b0156fc.js","app-c7a994216a67bb22f7f9.js"],"component---src-pages-404-js":["styles.eef4513e7027394497b9.css","styles-737be2d8e1620b0156fc.js","1-d5516e2885c5d63795dd.js","3-7def06a1f7a2010f6064.js","2-5fad89469842478d146d.js","component---src-pages-404-js-b9d48631b6766ed842b6.js"],"component---src-pages-donate-js":["styles.eef4513e7027394497b9.css","styles-737be2d8e1620b0156fc.js","component---src-pages-donate-js-b6fbf2bad922636f12fb.js"],"component---src-pages-home-js":["styles.eef4513e7027394497b9.css","styles-737be2d8e1620b0156fc.js","1-d5516e2885c5d63795dd.js","2-5fad89469842478d146d.js","component---src-pages-home-js-c6b8fdd9d76d612731bb.js"],"component---src-pages-index-js":["styles.eef4513e7027394497b9.css","styles-737be2d8e1620b0156fc.js","1-d5516e2885c5d63795dd.js","3-7def06a1f7a2010f6064.js","2-5fad89469842478d146d.js","component---src-pages-index-js-894edba121401c8f5f44.js"],"component---src-pages-page-2-js":["styles.eef4513e7027394497b9.css","styles-737be2d8e1620b0156fc.js","1-d5516e2885c5d63795dd.js","3-7def06a1f7a2010f6064.js","2-5fad89469842478d146d.js","component---src-pages-page-2-js-f35bc6f49d9116f5ce68.js"],"component---src-pages-schools-js":["styles.eef4513e7027394497b9.css","styles-737be2d8e1620b0156fc.js","1-d5516e2885c5d63795dd.js","component---src-pages-schools-js-17a664ec907e2f73750b.js"],"component---src-pages-schools-svpc-js":["styles.eef4513e7027394497b9.css","styles-737be2d8e1620b0156fc.js","1-d5516e2885c5d63795dd.js","component---src-pages-schools-svpc-js-afaa3c7678cf2ce6d4fa.js"],"component---src-pages-teachers-js":["styles.eef4513e7027394497b9.css","styles-737be2d8e1620b0156fc.js","1-d5516e2885c5d63795dd.js","component---src-pages-teachers-js-49b59f85138973764459.js"]}}